id,table,predict,truth,Missing information,Numerical extraction errors,Entity extraction errors,Redundant facts
scigen_dev_1,"Batch size Throughput (instances/s) Inference Throughput (instances/s) Training
 0 Batch size  Fold Fold
 1  1  16.5  9.0
 2 10  52.2 37.5
 3 25  61.6 54.7","Our approach outperforms TensorFlow on inference with efficient parallel execution of tree nodes. With the large dataset, the recursive approach is unable to get reasonable results even with the largest batch size. However, the folds still achieve the best trade-off between efficiency and throughput. With the small dataset, the folding technique is unable to get reasonable results even with the largest batch size. We believe the issues with the fold training are in the greedy decoding algorithm and the small training batch size.","Table 2 compares the throughput of performing inference and training on the TreeLSTM model using our implementation, the iterative approach, and the folding technique. The amount of resources is sufficient for executing forward computations, and therefore our framework outperforms the folding technique for the inference task with up to 4.93x faster throughput. [CONTINUE] As a result, the folding technique performs better than the recursive approach for the training task.",1,1,1,1
scigen_dev_2,"Batch size Throughput (instances/s) Balanced Throughput (instances/s) Moderate Throughput (instances/s) Linear
 0 1 46.7 27.3  7.6
 1  10  125.2 78.2 22.7
 2  25  129.7 83.1 45.4","The results confirm our hypothesis that the Transformer architecture benefits from wider context than simple parallelization. Moreover, the “balanced” dataset exhibits highest throughput thanks to the high degree of parallelization, but at the same time does not improve as well as the linear dataset when the batch size increases from 1 to 25. This suggests that there is only a small room of performance improvement left, if we focus on balancing the tree lattices.","Table 1 shows the throughput of training the TreeRNN model using these three datasets. For all batch sizes, the training throughput on the balanced dataset is the highest, while the throughput on the linear dataset is the lowest. [CONTINUE] As a result, our implementation can train input data of balanced trees with greater throughput than input data of unbalanced trees. [CONTINUE] Another interesting fact in Table 1 is that the training throughput on the linear dataset scales better than the throughput on the balanced dataset, as the batch size increases. [CONTINUE] On the contrary, for the linear dataset, the recursive implementation fails to efficiently make use of CPU resources and thus the performance gain provided by increasing the batch size is relatively high.",1,1,1,1
scigen_dev_3,"[BOLD] Representation [BOLD] Hyper parameters Filter size [BOLD] Hyper parameters Num. Feature maps [BOLD] Hyper parameters Activation func. [BOLD] Hyper parameters L2 Reg. [BOLD] Hyper parameters Learning rate [BOLD] Hyper parameters Dropout Prob. [BOLD] F1.(avg. in 5-fold) with default values [BOLD] F1.(avg. in 5-fold) with optimal values
 0  CoNLL08  4-5 1000  Softplus 1.15e+01 1.13e-03  1 73.34 74.49
 1 SB  4-5  806 Sigmoid 8.13e-02 1.79e-03 0.87 72.83  [BOLD] 75.05
 2  UD v1.3  5  716  Softplus 1.66e+00 9.63E-04  1 68.93 69.57","We also report the model performance (F1) in 5-fold cross validation experiments with the default hyperparameters. The results show that the max pooling strategy consistently performs better in all model variations. For example, on the CoNLL08 representation, the Sigmoid activation function with a filter size of 1000 performs best. It is also the best performing representation in terms of F1.","Table 2 presents the optimal values for each configuration using different dependency representations. We see that the optimized parameter settings vary for the different representations, showing the importance of tuning for these types of comparisons. The results furthermore show that the sdps based on the Stanford Basic (SB) representation provide the best performance, followed by the CoNLL08 representation. We observe that the results for the UD representation are quite a bit lower than the two others.",1,1,1,1
scigen_dev_4,"[BOLD] Relation [BOLD] best F1 (in 5-fold) without sdp [BOLD] best F1 (in 5-fold) with sdp [BOLD] Diff.
 0  USAGE 60.34  80.24 + 19.90
 1  MODEL-FEATURE 48.89  70.00 + 21.11
 2 PART_WHOLE 29.51  70.27  +40.76
 3  TOPIC 45.80  91.26  +45.46
 4 RESULT 54.35  81.58  +27.23
 5  COMPARE 20.00  61.82 + 41.82
 6 macro-averaged 50.10  76.10  +26.00","The results clearly show that SSDP significantly improves the performance of relation extraction, especially for the comparison and topic relations. Compared to the baseline model (part_whole), SSDP provides sizable improvements in accuracy on all relations, especially for the comparison and topic relations.","We find that the effect of syntactic structure varies between the different relation types. However, the sdp information has a clear positive impact on all the relation types (Table 1).",0,0,1,0
scigen_dev_5,"[EMPTY]  C-F1 100% C-F1 50%  R-F1 100% R-F1 50%  F1 100% F1 50%
 0 Y-3  49.59  65.37  26.28  37.00  34.35  47.25
 1 Y-3:Y<italic>C</italic>-1  54.71  66.84  28.44  37.35  37.40  47.92
 2 Y-3:Y<italic>R</italic>-1  51.32  66.49  26.92  37.18  35.31  47.69
 3 Y-3:Y<italic>C</italic>-3 <bold>54.58</bold>  67.66 <bold>30.22</bold> <bold>40.30</bold> <bold>38.90</bold> <bold>50.51</bold>
 4 Y-3:Y<italic>R</italic>-3  53.31  66.71  26.65  35.86  35.53  46.64
 5 Y-3:Y<italic>C</italic>-1:Y<italic>R</italic>-2  52.95 <bold>67.84</bold>  27.90  39.71  36.54  50.09
 6 Y-3:Y<italic>C</italic>-3:Y<italic>R</italic>-3  54.55  67.60  28.30  38.26  37.26  48.86","In this section, we report results on the model’s performance on different tasks, including C-F1, R-F1 and F1. We can see from the table that the best performance is achieved by the Y-3:Y<C</italic>- model, which achieves a relative improvement of 8.53% on C-F1 and 7.35% on R-F1. When the Y-3 and Y-Y<R</italic> are separated, the model’s performance improves by another 3.91% on C-F1 and 7.35% on R-F1.","Accordingly, as Table 3 shows for the essay level (paragraph level omitted for space reasons), results are generally weaker: [CONTINUE] as in Eq. (1)—the overall result is worst. We find that when we train STagBL with only its main task—with label set [CONTINUE] In Y contrast, when we include the 'natural subtasks' ""C"" (label [CONTINUE] performance increases typically by a few percentage points.",1,1,1,1
scigen_dev_6,"[EMPTY] Paragraph level Acc. Paragraph level C-F1 Paragraph level R-F1 Paragraph level F1 Essay level Acc. Essay level C-F1 Essay level R-F1 Essay level F1
 0 [EMPTY] [EMPTY] 50% 50%  50%  [EMPTY]  50%  50%  50%
 1  MST-Parser 31.23  6.90  1.29 2.17  [EMPTY]  [EMPTY]  [EMPTY]  [EMPTY]
 2  Mate 22.71 12.34  4.59 6.69  [EMPTY]  [EMPTY]  [EMPTY]  [EMPTY]
 3 Kiperwasser 52.80 61.57 34.25  44.01  [EMPTY]  [EMPTY]  [EMPTY]  [EMPTY]
 4 LSTM-Parser 55.68 68.20 40.87  51.11  [EMPTY]  [EMPTY]  [EMPTY]  [EMPTY]
 5  STagBLCC 59.34 74.08 44.02  55.22 <bold>60.46</bold>  69.49 <bold>39.68</bold> <bold>50.51</bold>
 6 LSTM-ER  <bold>61.67</bold>  <bold>77.19</bold>  <bold>50.05</bold> <bold>60.72</bold>  54.17 <bold>73.02</bold>  32.72  45.19
 7 ILP 60.32 73.35 44.29  55.23  [EMPTY]  [EMPTY]  [EMPTY]  [EMPTY]","ilp achieves the best performance on all three metrics, and outperforms the other parsers on all three. The results are especially impressive on the paragraph level, where the ILP model achieves an accuracy of 60.32% and F1 of 73.35%, compared to Kiperwasser’s 61.80% and LSTM-Parser’s 68.20%. In the essay level, the ILP model also achieves an accuracy of 54.17% and F1 of 73.23%, compared to Kiperwasser’s 34.25% and LSTM-Parser’s 40.87%.","We train and test all parsers on the paragraph level, [CONTINUE] Mate is slightly better [CONTINUE] Kiperwasser performs decently on the approximate match level, but not on exact level. [CONTINUE] The best parser by far is the LSTM-Parser. It is over 100% better than Kiperwasser on exact spans and still several percentage points on approximate spans. [CONTINUE] : Performance of dependency parsers, STagBLCC, LSTM-ER and ILP (from top to bottom). [CONTINUE] On the other hand, our results in Table 2 indicate that the neural taggers BLCC and BLC (in the LSTMER model) are much better at such exact identification than either the ILP model or the neural parsers.",1,1,1,1
scigen_dev_7,"[EMPTY] STagBLCC LSTM-Parser
 0 Essay 60.62±3.54 9.40±13.57
 1 Paragraph 64.74±1.97 56.24±2.87","We compared the paragraph-level system to the essay-level system using F1 scores. The difference is very small, but significant. It is clear that the parser’s performance is much better here than it was for the paragraph-level evaluation.","These results detail that the taggers have lower standard deviations than the parsers. The difference is particularly striking on the essay level where the parsers often completely fail to learn, that is, their performance scores are close to 0%.",1,0,1,0
scigen_dev_8,"Train Test [BOLD] System [BOLD] BLEU [BOLD] NIST [BOLD] METEOR [BOLD] ROUGE-L [BOLD] CIDEr [BOLD] Add [BOLD] Miss [BOLD] Wrong [BOLD] SER
 0 Original [BOLD] Cleaned  TGen−  36.85 5.3782  35.14 55.01  1.6016 00.34  09.81 00.15 10.31
 1 Original [BOLD] Cleaned TGen  39.23 6.0217  36.97 55.52  1.7623 00.40  03.59 00.07 04.05
 2 Original [BOLD] Cleaned  TGen+  40.25 6.1448  37.50 56.19  1.8181 00.21  01.99 00.05 02.24
 3 Original [BOLD] Cleaned  SC-LSTM  23.88 3.9310  32.11 39.90  0.5036 07.73  17.76 09.52 35.03
 4  1-1[0.5pt/2pt]3-12[0.5pt/2pt] Cleaned [BOLD] Cleaned  TGen−  40.19 6.0543  37.38 55.88  1.8104 00.17  01.31 00.25 01.72
 5  1-1[0.5pt/2pt]3-12[0.5pt/2pt] Cleaned [BOLD] Cleaned TGen  40.73 6.1711  37.76 56.09  1.8518 00.07  00.72 00.08 00.87
 6  1-1[0.5pt/2pt]3-12[0.5pt/2pt] Cleaned [BOLD] Cleaned  TGen+  40.51 6.1226  37.61 55.98  1.8286 00.02  00.63 00.06 00.70
 7  1-1[0.5pt/2pt]3-12[0.5pt/2pt] Cleaned [BOLD] Cleaned  SC-LSTM  23.66 3.9511  32.93 39.29  0.3855 07.89  15.60 08.44 31.94
 8  Cleaned missing [BOLD] Cleaned  TGen−  40.48 6.0269  37.26 56.19  1.7999 00.43  02.84 00.26 03.52
 9  Cleaned missing [BOLD] Cleaned TGen  41.57 6.2830  37.99 56.36  1.8849 00.37  01.40 00.09 01.86
 10 Cleaned missing [BOLD] Cleaned  TGen+  41.56 6.2700  37.94 56.38  1.8827 00.21  01.04 00.07 01.31
 11 1-1[0.5pt/2pt]3-12[0.5pt/2pt] Cleaned added [BOLD] Cleaned  TGen−  35.99 5.0734  34.74 54.79  1.5259 00.02  11.58 00.02 11.62
 12 1-1[0.5pt/2pt]3-12[0.5pt/2pt] Cleaned added [BOLD] Cleaned TGen  40.07 6.1243  37.45 55.81  1.8026 00.05  03.23 00.01 03.29
 13 1-1[0.5pt/2pt]3-12[0.5pt/2pt] Cleaned added [BOLD] Cleaned  TGen+  40.80 6.2197  37.86 56.13  1.8422 00.01  01.87 00.01 01.88","S5SS3SSS0Px1 Results As shown in Table 3, using a trained generative model (TGen) improves upon training with only original data, as expected. However, adding generated data from a different model (TGen−) brings additional gains, both for the test set and the cleaned test set. Another observation is that models trained on the train set, which were not exposed to the clean data, perform worse on the test set than models trained on the original set. Intuitively, this makes sense: if the model has access to the generated data, the performance on the test set should be better. We believe there are two reasons for this. First, the generation data in the train set is synthetic and the language model distribution is different from the test set. Second, we have a less large amount of train data, so the effect of adding synthetic data on the test set is less obvious.","The results for testing on cleaned data (Table 3, top half) confirm the positive impact of cleaned training data and also show that the cleaned test data is more challenging (cf. Section 3), as reflected in the lower WOMs. [CONTINUE] However, the improved results for training and testing on clean data (i.e. seeing equally challenging examples at training and test time), suggest the increase in performance can be attributed to data accuracy rather than diversity. [CONTINUE] Looking at the detailed results for the number of added, missing, and wrong-valued slots (Add, Miss, Wrong), we observe more deletions than insertions, i.e. the models more often fail to realise part of the MR, rather than hallucinating additional information. [CONTINUE] However, the results in bottom halves [CONTINUE] of Tables 2 and 3 do not support our hypothesis: we observe the main effect on SER from cleaning the missed slots, reducing both insertions and deletions. Again, one possible explanation is that cleaning the missing slots provided more complex training examples.",0,0,0,0
scigen_dev_9,"[BOLD] Dataset [BOLD] Part [BOLD] MRs [BOLD] Refs [BOLD] SER(%)
 0  Original  Train 4,862 42,061  17.69
 1  Original  Dev 547  4,672  11.42
 2  Original Test 630  4,693  11.49
 3 [0.5pt/2pt] Cleaned  Train 8,362 33,525 (0.00)
 4 [0.5pt/2pt] Cleaned  Dev 1,132  4,299 (0.00)
 5 [0.5pt/2pt] Cleaned Test 1,358  4,693 (0.00)","We ran our experiments on the E2E dataset using the same settings with the exception of the number of references for the “dev” part of the dataset and the removal of repetitions. From the table, we can see that the SER of the clean dataset is very low (0.00) although it is significantly higher than the SER of the original E2E dataset. This is expected given that the E2E dataset has fewer references than the train set.","This resulted in 20% reduction for TRAIN and ca. 8% reduction for DEV in terms of references (see Table 1). On the other hand, the number of distinct MRs rose sharply after reannotation; the MRs also have more variance in the number of attributes. This means that the cleaned dataset is more complex overall, with fewer references per MR and more diverse MRs.",1,1,0,0
scigen_dev_10,"Train  Test [BOLD] System [BOLD] BLEU [BOLD] NIST [BOLD] METEOR [BOLD] ROUGE-L [BOLD] CIDEr [BOLD] Add [BOLD] Miss [BOLD] Wrong [BOLD] SER
 0 Original [BOLD] Original  TGen−  63.37 7.7188  41.99 68.53  1.9355 00.06  15.77 00.11 15.94
 1 Original [BOLD] Original TGen  66.41 8.5565  45.07 69.17  2.2253 00.14  04.11 00.03 04.27
 2 Original [BOLD] Original  TGen+  67.06 8.5871  45.83 69.73  2.2681 00.04  01.75 00.01 01.80
 3 Original [BOLD] Original  SC-LSTM  39.11 5.6704  36.83 50.02  0.6045 02.79  18.90 09.79 31.51
 4  1-1[0.5pt/2pt]3-12[0.5pt/2pt] Cleaned [BOLD] Original  TGen−  65.87 8.6400  44.20 67.51  2.1710 00.20  00.56 00.21 00.97
 5  1-1[0.5pt/2pt]3-12[0.5pt/2pt] Cleaned [BOLD] Original TGen  66.24 8.6889  44.66 67.85  2.2181 00.10  00.02 00.00 00.12
 6  1-1[0.5pt/2pt]3-12[0.5pt/2pt] Cleaned [BOLD] Original  TGen+  65.97 8.6630  44.45 67.59  2.1855 00.02  00.00 00.00 00.03
 7  1-1[0.5pt/2pt]3-12[0.5pt/2pt] Cleaned [BOLD] Original  SC-LSTM  38.52 5.7125  37.45 48.50  0.4343 03.85  17.39 08.12 29.37
 8  Cleaned missing [BOLD] Original  TGen−  66.28 8.5202  43.96 67.83  2.1375 00.14  02.26 00.22 02.61
 9  Cleaned missing [BOLD] Original TGen  67.00 8.6889  44.97 68.19  2.2228 00.06  00.44 00.03 00.53
 10 Cleaned missing [BOLD] Original  TGen+  66.74 8.6649  44.84 67.95  2.2018 00.00  00.21 00.03 00.24
 11 1-1[0.5pt/2pt]3-12[0.5pt/2pt] Cleaned added [BOLD] Original  TGen−  64.40 7.9692  42.81 68.87  2.0563 00.01  13.08 00.00 13.09
 12 1-1[0.5pt/2pt]3-12[0.5pt/2pt] Cleaned added [BOLD] Original TGen  66.23 8.5578  45.12 68.87  2.2548 00.04  03.04 00.00 03.09
 13 1-1[0.5pt/2pt]3-12[0.5pt/2pt] Cleaned added [BOLD] Original  TGen+  65.96 8.5238  45.49 68.79  2.2456 00.00  01.44 00.00 01.45","Sc-LSTM is worse than TGen on BLEU and METEOR, but better on CIDEr. This is attributed to the multi-class filtering used by SC-LSTM compared to TGen. In terms of ROUGE-L, we see that it is missing two thirds of the data. However, as the data is badly imbalanced, the effect of missing metrics is less pronounced.","The results in Table 2 (top half) for the original setup confirm that the ranking mechanism for TGen is effective for both WOMs and SER, whereas the SC-LSTM seems to have trouble scaling to the E2E dataset. We hypothesise that this is mainly due to the amount of delexicalisation required. However, the main improvement of SER comes from training on cleaned data with up to 97% error reduction with the ranker and 94% without.11 just cleaning the training data has a much more dramatic effect than just using a semantic control mechanism, such as the reranker (0.97% vs. 4.27% SER). WOMs are slightly lower for TGen trained on the cleaned data, except for NIST, which gives more importance to matching less frequent n-grams. This suggests better preservation of content at the expense of slightly lower fluency. In other words, [CONTINUE] However, the results in bottom halves [CONTINUE] of Tables 2 and 3 do not support our hypothesis: we observe the main effect on SER from cleaning the missed slots, reducing both insertions and deletions. Again, one possible explanation is that cleaning the missing slots provided more complex training examples.",0,0,0,0
scigen_dev_11,"[BOLD] Training data [BOLD] Add [BOLD] Miss [BOLD] Wrong [BOLD] Disfl
 0  Original 0 22 0  14
 1 Cleaned added 0 23 0  14
 2 Cleaned missing 0  1 0 2
 3 Cleaned 0  0 0 5","Base error analysis was performed per sample from the original test set, to inspect for any errors that were not in the training set. As with the AVL corpus, we presented the results in raw HTML format, without any preprocessing. The error analysis was done by our in-house systems trained with Librispeech. First of all, we found that added instances added to the training data lead to errors in the test set. For example, of the 100 instances, 22 were wrong, and 63 were wrong values. Secondly, of the 100 instances, we found that missing values lead to at least 2 errors. Although the gains from including the cleaned data in the feature space were small, they are still considerable.","The results in Table 4 confirm the findings of the automatic [CONTINUE] metrics: systems trained on the fully cleaned set or the set with cleaned missing slots have nearperfect performance, with the fully-cleaned one showing a few more slight disfluencies than the other. The systems trained on the original data or with cleaned added slots clearly perform worse in terms of both semantic accuracy and fluency. All fluency problems we found were very slight and no added or wrong-valued slots were found, so missed slots are the main problem.",1,1,1,1
scigen_dev_12,"[BOLD] Model [BOLD] External B
 0 Seq2SeqK (Konstas et al., 2017 )  -  22.0
 1 GraphLSTM (Song et al., 2018 )  -  23.3
 2  GCNSEQ (Damonte and Cohen, 2019 )  -  24.4
 3 DCGCN(single)  -  25.9
 4 DCGCN(ensemble)  - [BOLD] 28.2
 5 TSP (Song et al., 2016 )  ALL  22.4
 6  PBMT (Pourdamghani et al., 2016 )  ALL  26.9
 7  Tree2Str (Flanigan et al., 2016 )  ALL  23.0
 8  SNRG (Song et al., 2017 )  ALL  25.6
 9 Seq2SeqK (Konstas et al., 2017 ) 0.2M  27.4
 10  GraphLSTM (Song et al., 2018 ) 0.2M  28.2
 11  DCGCN(single) 0.1M  29.0
 12  DCGCN(single) 0.2M [BOLD] 31.6
 13  Seq2SeqK (Konstas et al., 2017 ) 2M  32.3
 14  GraphLSTM (Song et al., 2018 ) 2M  33.6
 15  Seq2SeqK (Konstas et al., 2017 )  20M  33.8
 16  DCGCN(single) 0.3M  33.2
 17  DCGCN(ensemble) 0.3M [BOLD] 35.3","We also evaluate our models directly on AMR15, without any use of external Gigaword sentences as auto-parsed data. Our single model achieves the best single-model score, beating more than 10% more than the previous state-of-the-art systems without any external text. Moreover, we also test thedcGCN(ensemble) model by averaging the results of 7 single models. The results show that thedcGCN(ensemble) model performs better than thedcGCN(single) model, which verifies the effectiveness of our GCN model.","Moreover, we compare our DCGCN(single) and DCGCN(ensemble) model with the state-of-the-art semi-supervised models on the AMR15 test set (Table 3), including non-neural methods such as TSP (Song et al., 2016), PBMT (Pourdamghani et al., 2016), Tree2Str (Flanigan et al., 2016) and SNRG (Song et al., 2017). All these non-neural models train language models on the whole Gigaword corpus. Our ensemble model gives 28.2 BLEU points without external data, which is better than them. Following Konstas et al. (2017); Song et al. (2018), we also evaluate our model using external Gigaword sentences as training data. We first use the additional data to pretrain the model, then finetune it on the gold data. Using additional 0.1M data, the single DCGCN model achieves a BLEU score of 29.0, which is higher than Seq2SeqK (Konstas et al., 2017) and GraphLSTM (Song et al., 2018) trained with 0.2M additional data. When using the same amount of 0.2M data, the performance of DCGCN is 4.2 and 3.4 BLEU points higher than Seq2SeqK and GraphLSTM. DCGCN model is able to achieve a competitive BLEU points (33.2) by using 0.3M external data, while GraphLSTM achieves a score of 33.6 by using 2M data and Seq2SeqK achieves a score of 33.8 by using 20M data. These results show that our model is more effective in terms of using automatically generated AMR graphs. Using 0.3M additional data, our ensemble model achieves the new state-of-the-art result of 35.3 BLEU points.",0,0,0,0
scigen_dev_13,"[BOLD] Model [BOLD] T #P B C
 0 Seq2SeqB (Beck et al., 2018 ) S  28,4M  21.7  49.1
 1 GGNN2Seq (Beck et al., 2018 ) S  28.3M  23.3  50.4
 2 Seq2SeqB (Beck et al., 2018 ) E 142M  26.6  52.5
 3 GGNN2Seq (Beck et al., 2018 ) E 141M  27.5  53.5
 4 DCGCN (ours) S [BOLD] 19.1M  27.9  57.3
 5 DCGCN (ours) E  92.5M [BOLD] 30.4 [BOLD] 59.6","In this section, we show the results of our model and the baseline models on AMR17. The first thing to note is that our DCGCN consistently outperforms the GCN baselines, which demonstrates the effectiveness of our model design. For example, in the case of the vanilla GCN, the DCGCN achieves 19.1 BLEU points, while the baseline achieves only 23.3 BLEU points. In other words, more than half of the sentences generated by the DCGCN model are paraphrased. This implies that the global information incorporated by the GCN model is crucial for the paraphrase detection. The second thing to note is that the performance of the baseline models is influenced by the complexity of the sentences. The GCN model reduces the complexity by 17.3 points from the baseline model. Although the DCGCN model also outperforms the baseline GCNs, the improvement is much smaller than that from the GCN models. We suggest that the GCN models with more GCN layers can further improve the performance, which is beyond the scope of this work.","Table 2 shows the results on AMR17. Our single model achieves 27.6 BLEU points, which is the new state-of-the-art result for single models. In particular, our single DCGCN model consistently outperforms Seq2Seq models by a significant margin when trained without external resources. For example, the single DCGCN model gains 5.9 more BLEU points than the single models of Seq2SeqB on AMR17. These results demonstrate the importance of explicitly capturing the graph structure in the encoder. In addition, our single DCGCN model obtains better results than previous ensemble models. For example, on AMR17, the single DCGCN model is 1 BLEU point higher than the ensemble model of Seq2SeqB. Our model requires substantially fewer parameters, e.g., the parameter size is only 3/5 and 1/9 of those in GGNN2Seq and Seq2SeqB, respectively. The ensemble approach based on combining five DCGCN models initialized with different random seeds achieves a BLEU score of 30.4 and a CHRF++ score of 59.6. Under the same setting, our model also consistently outperforms graph encoders based on recurrent neural networks or gating mechanisms. For GGNN2Seq, our single model is 3.3 and 0.1 BLEU points higher than their single and ensemble models, respectively. We also have similar observations in term of CHRF++ scores for sentence-level evaluations. DCGCN also outperforms GraphLSTM by 2.0 BLEU points in the fully supervised setting as shown in Table 3. Note that GraphLSTM uses char-level neural represen [CONTINUE] tations and pretrained word embeddings, while our model solely relies on word-level representations with random initializations. This empirically shows that compared to recurrent graph encoders, DCGCNs can learn better representations for graphs. For GCNSEQ, our single models are 3.1 and 1.3 BLEU points higher than their models trained on AMR17 and AMR15 dataset, respectively. These results demonstrate that DCGCNs are able to capture contextual information without relying on additional RNNs.",1,1,0,0
scigen_dev_14,"[BOLD] Model [BOLD] Type [BOLD] English-German #P [BOLD] English-German B [BOLD] English-German C [BOLD] English-Czech #P [BOLD] English-Czech B [BOLD] English-Czech C
 0 BoW+GCN (Bastings et al., 2017 ) Single - 12.2  -  - 7.5 -
 1 CNN+GCN (Bastings et al., 2017 ) Single - 13.7  -  - 8.7 -
 2 BiRNN+GCN (Bastings et al., 2017 ) Single - 16.1  -  - 9.6 -
 3  PB-SMT (Beck et al., 2018 ) Single - 12.8 43.2  - 8.6  36.4
 4  Seq2SeqB (Beck et al., 2018 ) Single 41.4M 15.5 40.8  39.1M 8.9  33.8
 5  GGNN2Seq (Beck et al., 2018 ) Single 41.2M 16.7 42.4  38.8M 9.8  33.3
 6  DCGCN (ours) Single [BOLD] 29.7M  [BOLD] 19.0  [BOLD] 44.1  [BOLD] 28.3M [BOLD] 12.1 [BOLD] 37.1
 7  Seq2SeqB (Beck et al., 2018 ) Ensemble  207M 19.0 44.1 195M  11.3  36.4
 8  GGNN2Seq (Beck et al., 2018 ) Ensemble  206M 19.6 45.1 194M  11.7  35.9
 9  DCGCN (ours) Ensemble  [BOLD] 149M  [BOLD] 20.5  [BOLD] 45.8 [BOLD] 142M [BOLD] 13.1 [BOLD] 37.8","As can be seen, DCGCN achieves the best performance in terms of all the evaluation metrics. The results show that the proposed model achieves much better performance than the other baselines. In particular, we outperform the current state of the art PBMT model by a large margin, without using any ensembles. More importantly, DCGCN attains the results by more than 5% in terms of BLEU and C compared to the current state of the art.","Table 4 shows the results for the EnglishGerman (En-De) and English-Czech (En-Cs) translation tasks. BoW+GCN, CNN+GCN and BiRNN+GCN refer to employing the following encoders with a GCN layer on top respectively: 1) a bag-of-words encoder, 2) a one-layer CNN, 3) a bidirectional RNN. PB-SMT is the phrase-based statistical machine translation model using Moses (Koehn et al., 2007). Our single model DCGCN(single) achieves 19.0 and 12.1 BLEU points on the En-De and EnCs tasks, respectively, significantly outperforming all the single models. For example, compared to the best GCN-based model (BiRNN+GCN), our single DCGCN model surpasses it by 2.7 and 2.5 BLEU points on the En-De and En-Cs tasks, respectively. Our models DCGCN(single) and DCGCN(ensemble)consist of full GCN layers, removing the burden of employing a recurrent encoder to extract non-local contextual information in the bottom layers. Compared to non-GCN models, our single DCGCN model is 2.2 and 1.9 BLEU points higher than the current state-of-theart single model (GGNN2Seq) on the En-De and En-Cs translation tasks, respectively. In addition, our single model is comparable to the ensemble results of Seq2SeqB and GGNN2Seq, while the number of parameters of our models is only about 1/6 of theirs. Additionally, the ensemble DCGCN models achieve 20.5 and 13.1 BLEU points on the En-De and En-Cs tasks, respectively. Our ensemble results are significantly higher than those of the state-of-the-art syntax-based ensemble models reported by GGNN2Seq (En-De: 20.5 v.s. 19.6; En-Cs: 13.1 v.s. 11.7 in terms of BLEU).",0,0,0,0
scigen_dev_15,"[ITALIC] Block [ITALIC] n [ITALIC] m B C
 0  1 1 1  17.6  48.3
 1  1 1 2  19.2  50.3
 2  1 2 1  18.4  49.1
 3  1 1 3  19.6  49.4
 4  1 3 1  20.0  50.5
 5  1 3 3  21.4  51.0
 6  1 3 6  21.8  51.7
 7  1 6 3  21.7  51.5
 8  1 6 6  22.0  52.1
 9  2 3 6 [BOLD] 23.5  53.3
 10 2 6 3  23.3 [BOLD] 53.4
 11 2 6 6  22.0  52.1","To better understand the effect of model architecture size, we ran experiments with our best trained models on the AMR15 development set. In our experiments, we vary the number of layers inside DCGCN sub-blocks. Results show that the model with more layers is able to achieve better performance for all three evaluation metrics. However, the performance is usually slightly degraded when deeper sub-blocks are used. This is probably because the DCGCN sub-blocks are able to capture more structural characteristics of speech segments that are more useful for MT task than long-distance dependencies.","Layers in the sub-block. Table 5 shows the effect of the number of layers of each sub-block on the AMR15 development set. DenseNets (Huang et al., 2017) use two kinds of convolution filters: 1 × 1 and 3 × 3. Similar to DenseNets, we choose the values of n and m for layers from [1, 2, 3, 6]. We choose this value range by considering the scale of non-local nodes, the abstract information at different level and the calculation efficiency. For brevity, we only show representative configurations. We first investigate DCGCN with one block. In general, the performance increases when we gradually enlarge n and m. For example, when n=1 and m=1, the BLEU score is 17.6; when n=6 and m=6, the BLEU score becomes 22.0. We observe that the three settings (n=6, m=3), (n=3, m=6) and (n=6, m=6) give similar results for both 1 DCGCN block and 2 DCGCN blocks. Since the first two settings contain less parameters than the third setting, it is reasonable to choose either (n=6, m=3) or (n=3, m=6). For later experiments, we use (n=6, m=3).",0,0,0,0
scigen_dev_16,"[BOLD] GCN +RC (2)  B 16.8  C 48.1 [BOLD] GCN +RC+LA (2)  B 18.3  C 47.9
 0 +RC (4)  18.4  49.6 +RC+LA (4)  18.0  51.1
 1 +RC (6)  19.9  49.7 +RC+LA (6)  21.3  50.8
 2 +RC (9) [BOLD] 21.1  50.5 +RC+LA (9) [BOLD] 22.0  52.6
 3  +RC (10)  20.7 [BOLD] 50.7  +RC+LA (10)  21.2 [BOLD] 52.9
 4  DCGCN1 (9)  22.9  53.0  DCGCN3 (27)  24.8  54.7
 5 DCGCN2 (18)  24.2  54.4  DCGCN4 (36) [BOLD] 25.5 [BOLD] 55.4","As one can see from the table, our proposed model (DCGCN2) outperforms the baselines by a large margin. Moreover, we have the following observations: (i) Adding residual connections and layer aggregations improves the performance of GCNs in general. Especially, for the GCN+RNN model, the i×(n+m) layer with CNN (DCGCN1) is better than the i×(n+3) layer with (DCGCN2) and (ii) the layer aggregator with (DCGCN4) is better than the layer aggregator with (DCGCN1). This validates that adding residual connections can further improve the performance of GCNs. This is intuitive because residual connections point to more abstract and comprehensive features, thus more layers can be used to aggregate them. (iii) On the top of that, layer aggregators with (DCGCN3) and (DCGCN2) are better than layer aggregators with (DCGCN1) and (DCGCN2). This proves the effectiveness of layer aggregators.","The first block in Table 6 shows the performance of our two baseline models: multi-layer GCNs with residual connections (GCN+RC) and multi-layer GCNs with both residual connections and layer aggregations (GCN+RC+LA). In general, increasing the number of GCN layers from 2 to 9 boosts the model performance. However, when the layer number exceeds 10, the performance of both baseline models start to drop. For example, GCN+RC+LA (10) achieves a BLEU score of 21.2, which is worse than GCN+RC+LA (9). In preliminary experiments, we cannot manage to train very deep GCN+RC and GCN+RC+LA models. In contrast, our DCGCN models can be trained using a large number of layers. For example, DCGCN4 contains 36 layers. When we increase the DCGCN blocks from 1 to 4, the model performance continues increasing on AMR15 development set. We therefore choose DCGCN4 for the AMR experiments. Using a similar method, DCGCN2 is selected for the NMT tasks. When the layer numbers are 9, DCGCN1 is better than GCN+RC in term of B/C scores (21.7/51.5 v.s. 21.1/50.5). GCN+RC+LA (9) is sightly better than DCGCN1. However, when we set the number to 18, GCN+RC+LA achieves a BLEU score of 19.4, which is significantly worse than the BLEU score obtained by DCGCN2 (23.3). We also try GCN+RC+LA (27), but it does not converge. In conclusion, these results above can show the robustness and effectiveness of our DCGCN models.",1,1,0,0
scigen_dev_17,"[BOLD] Model D  #P B C
 0 DCGCN(1) 300 10.9M  20.9  52.0
 1 DCGCN(2) 180 10.9M [BOLD] 22.2 [BOLD] 52.3
 2 DCGCN(2) 240 11.3M  22.8  52.8
 3 DCGCN(4) 180 11.4M [BOLD] 23.4 [BOLD] 53.4
 4 DCGCN(1) 420 12.6M  22.2  52.4
 5 DCGCN(2) 300 12.5M  23.8  53.8
 6 DCGCN(3) 240 12.3M [BOLD] 23.9 [BOLD] 54.1
 7 DCGCN(2) 360 14.0M  24.2 [BOLD] 54.4
 8 DCGCN(3) 300 14.0M [BOLD] 24.4  54.2
 9 DCGCN(2) 420 15.6M  24.1  53.7
 10  DCGCN(4) 300 15.6M [BOLD] 24.6 [BOLD] 54.8
 11  DCGCN(3) 420 18.6M  24.5  54.6
 12  DCGCN(4) 360 18.4M [BOLD] 25.5 [BOLD] 55.4","We finally compare DCGCN(4) with DCGCN(1) and DCGCN(2). The purpose of this experiment is to show that a smaller parameter budget leads to better results. For almost the same parameter budget, DCGCN(3) and DCGCN(4) achieve the best performance, and DCGCN(1) performs worse than DCGCN(2).","We compare DCGCN models with different layers under the same parameter budget. Table 7 shows the results. For example, when both DCGCN1 and DCGCN2 are limited to 10.9M parameters, DCGCN2 obtains 22.2 BLEU points, which is higher than DCGCN1 (20.9). Similarly, when DCGCN3 and DCGCN4 contain 18.6M and 18.4M parameters. DCGCN4 outperforms DCGCN3 by 1 BLEU point with a slightly smaller model. In general, we found when the parameter budget is the same, deeper DCGCN models can obtain better results than the shallower ones.",0,0,0,0
scigen_dev_18,"[BOLD] Model  B  C
 0  DCGCN4 25.5 55.4
 1  -{4} dense block 24.8 54.9
 2  -{3, 4} dense blocks 23.8 54.1
 3 -{2, 3, 4} dense blocks 23.2 53.1","To understand the effect of the dense blocks in the i-th block of our model, we performed an ablation study. We remove the dense blocks at all. We find that the result drops from 54.9 to 53.1 after removing the dense blocks. Further analysis shows that these drops are significant. It indicates that the i-th block has very high density.","Table 8 shows the ablation study of the level of density of our model DCGCN4. We use DCGCNs with 4 dense blocks as the full model. Then we remove dense connections gradually from the last block to the first block. In general, the performance of the model drops substantially as we remove more dense connections until it cannot converge without dense connections. The full model gives 25.5 BLEU points on the AMR15 dev set. After removing the dense connections in the last block, the BLEU score becomes 24.8. Without using the dense connections in the last two blocks, the score drops to 23.8. Furthermore, excluding the dense connections in the last three blocks only gives 23.2 BLEU points. Although these four models have the same number of layers, dense connections allow the model to achieve much better performance. If all the dense connections are not considered, the model does not coverage at all. These results indicate dense connections do play a significant role in our model.",0,0,0,0
scigen_dev_19,"[BOLD] Model B C
 0  DCGCN4  25.5  55.4
 1 Encoder Modules [EMPTY] [EMPTY]
 2 -Linear Combination  23.7  53.2
 3  -Global Node  24.2  54.6
 4  -Direction Aggregation  24.6  54.6
 5  -Graph Attention  24.9  54.7
 6 -Global Node&Linear Combination  22.9  52.4
 7 Decoder Modules [EMPTY] [EMPTY]
 8 -Coverage Mechanism  23.8  53.0","Ablation study. We perform ablation study to analyze the contribution of individual modules in the graph encoder and the LSTM decoder. For the encoder, we only replace the linear combination module, the global node selector and the coverage mechanism. We find that the linear combination module improves over the basic graph encoder by 0.8% on B and by 0.9% on C. For the LSTM decoder, we only replace the global and directional aggregation modules and the coverage mechanism by 0.3% and 0.7% on B and C, respectively. This shows that the two modules play different roles in the graph encoder.","Table 9 shows the results. For the encoder, we find that the linear combination and the global node have more contributions in terms of B/C scores. The results drop by 2/2.2 and 1.3/1.2 points respectively after removing them. Without these two components, our model gives a BLEU score of 22.6, which is still better than the best GCN+RC model (21.1) and the best GCN+RC+LA model (22.1). Adding either the global node or the linear combination improves the baseline models with only dense connections. This suggests that enriching input graphs with the global node and including the linear combination can facilitate GCNs to learn better information aggregations, producing more expressive graph representations. Results also show the linear combination is more effective than the global node. Considering them together further enhances the model performance. After removing the graph attention module, our model gives 24.9 BLEU points. Similarly, excluding the direction aggregation module leads to a performance drop to 24.6 BLEU points. The coverage mechanism is also effective in our models. Without the coverage mechanism, the result drops by 1.7/2.4 points for B/C scores.",0,0,0,0
scigen_dev_20,"Initialization Depth  BShift SubjNum Tense  CoordInv  Length  ObjNum  TopConst  SOMO  WC
 0  N(0,0.1)  29.7  71.5  82.0  78.5  60.1  80.5  76.3  74.7 [BOLD] 51.3  52.5
 1  Glorot  31.3 [BOLD] 72.3  81.8  78.7  59.4  81.3  76.6 [BOLD] 74.6  50.4  57.0
 2 Our paper [BOLD] 35.1  70.8 [BOLD] 82.0 [BOLD] 80.2 [BOLD] 61.8 [BOLD] 82.8 [BOLD] 79.7  74.2  50.7 [BOLD] 72.9","As it can be seen, our approach consistently outperforms the baselines on all tasks, thus establishing that it is a good choice for initialization.","To verify the effectiveness of our initialization strategy empirically, we evaluate it with the same experimental setup as described in Section 4. The only difference is the initialization strategy, where we include Glorot initialization (Glorot & Bengio, 2010) and the standard initialization from [CONTINUE] (0, 0.1). Table 7 shows the results on the probing tasks. While Glorot achieves slightly better results on BShift and TopConst, CMOW's ability to memorize word content is improved by a wide [CONTINUE] margin by our initialization strategy.",0,0,0,0
scigen_dev_21,"Dim  Method Depth  BShift SubjNum Tense  CoordInv  Length  ObjNum  TopConst  SOMO  WC
 0 400  CBOW/400  32.5  50.2  78.9  78.7  53.6  73.6  79.0  69.6  48.9  86.7
 1 400  CMOW/400 [BOLD] 34.4  68.8  80.1 [BOLD] 79.9 [BOLD] 59.8  81.9 [BOLD] 79.2 [BOLD] 70.7 [BOLD] 50.3  70.7
 2 400  H-CBOW  31.2  50.2  77.2  78.8  52.6  77.5  76.1  66.1  49.2 [BOLD] 87.2
 3 400  H-CMOW  32.3 [BOLD] 70.8 [BOLD] 81.3  76.0  59.6 [BOLD] 82.3  77.4  70.0  50.2  38.2
 4 784  CBOW/784  33.0  49.6  79.3  78.4  53.6  74.5  78.6  72.0  49.6 [BOLD] 89.5
 5 784  CMOW/784 [BOLD] 35.1 [BOLD] 70.8 [BOLD] 82.0  80.2 [BOLD] 61.8  82.8 [BOLD] 79.7  74.2 [BOLD] 50.7  72.9
 6 800  Hybrid  35.0 [BOLD] 70.8  81.7 [BOLD] 81.0  59.4 [BOLD] 84.4  79.0 [BOLD] 74.3  49.3  87.6
 7 - cmp. CBOW +6.1%  +42.7% +3% +3.3%  +10.8%  +13.3% +0.5% +3.2% -0.6% -2.1%
 8 - cmp. CMOW -0.3%  +-0% -0.4% +1% -3.9% +1.9% -0.9% +0.1% -2.8%  +20.9%","Our focus here is to compare the performance of hybrid and normal word embedding models, and not to develop a state-of-the-art performance on the task. As can be seen, although the CBOW and CMOW models have similar performance, the CBOW model obtains further improvements over the CMOW model. These improvements are on the syntactic tasks (SubjNum, CoordInv, TopConst, and WC) where the CBOW model is superior to the CMOW model. The largest gains come from the morphological tasks (SubjNum and CoordInv), where the CBOW model is superior to the CMOW model. However, we see that even on these tasks, the CBOW and CMOW models improve over the hybrid model.","We have trained five different models: CBOW and CMOW with d = 20 and d = 28, which lead to 400-dimensional and 784-dimensional word embeddings, respectively. We also trained the Hybrid CBOW-CMOW model with d = 20 for each component, so that the total model has 800 parameters per word in the lookup tables. We report the results of two more models: H-CBOW is the 400-dimensional CBOW component trained in Hybrid and H-CMOW is the respective CMOW component. Below, we compare the 800-dimensional Hybrid method to the 784-dimensional CBOW and CMOW models. [CONTINUE] Considering the linguistic probing tasks (see Table 1), CBOW and CMOW show complementary results. While CBOW yields the highest performance at word content memorization, CMOW outperforms CBOW at all other tasks. Most improvements vary between 1-3 percentage points. The difference is approximately 8 points for CoordInv and Length, and even 21 points for BShift. The hybrid model yields scores close to or even above the better model of the two on all tasks. In terms of relative numbers, the hybrid model improves upon CBOW in all probing tasks but WC and SOMO. The relative improvement averaged over all tasks is 8%. Compared to CMOW, the hybrid model shows rather small differences. The largest loss is by 4% on the CoordInv task. However, due to the large gain in WC (20.9%), the overall average gain is still 1.6%. We now compare the jointly trained H-CMOW and H-CBOW with their separately trained 400dimensional counterparts. We observe that CMOW loses most of its ability to memorize word content, while CBOW shows a slight gain. On the other side, H-CMOW shows, among others, improvements at BShift. [CONTINUE] Regarding the probing tasks, we observe that CMOW embeddings better encode the linguistic prop [CONTINUE] erties of sentences than CBOW. [CONTINUE] Due to joint training, our hybrid model learns to pick up the best features from CBOW and CMOW simultaneously. It enables both models to focus on their respective strengths. This can best be seen by observing that H-CMOW almost completely loses its ability to memorize word content. In return, H-CMOW has more capacity to learn other properties, as seen in the increase in performance at BShift and others. A complementary behavior can be observed for H-CBOW, whose scores on Word Content are increased. Consequently, with an 8% improvement on average, the hybrid model [CONTINUE] Word Content are increased. Consequently, with an 8% i is substantially more linguistically informed than CBOW.",0,0,0,0
scigen_dev_22,"Method  SUBJ  CR  MR  MPQA  MRPC  TREC  SICK-E  SST2  SST5 STS-B  SICK-R
 0  CBOW/784  90.0 [BOLD] 79.2 [BOLD] 74.0  87.1  71.6  85.6  78.9  78.5  42.1  61.0 [BOLD] 78.1
 1  CMOW/784  87.5  73.4  70.6 [BOLD] 87.3  69.6 [BOLD] 88.0  77.2  74.7  37.9  56.5  76.2
 2  Hybrid [BOLD] 90.2  78.7  73.7 [BOLD] 87.3 [BOLD] 72.7  87.6 [BOLD] 79.4 [BOLD] 79.6 [BOLD] 43.3 [BOLD] 63.4  77.8
 3 cmp. CBOW +0.2% -0.6% -0.4% +0.2% +1.5% +2.3% +0.6% +1.4% +2.9% +3.9% -0.4%
 4 cmp. CMOW +3.1% +7.2% +4.4% +0% +4.5% -0.5% +2.9% +6.7% +14.3  +12.2% +2.1%","The rows starting with “cmp.” show the relative change with respect to hybrid. Our proposed method is able to achieve large improvements in accuracy over the baselines, e.g., improvements of 7.2% in MRPC and 14.3% in SICK-E. Comparatively, the CBOW baseline achieves a similar improvement. This suggests that the CBOW model suffers more from the data sparsity problem than the hybrid model.","Table 2 shows the scores from the supervised downstream tasks. Comparing the 784-dimensional models, again, CBOW and CMOW seem to complement each other. This time, however, CBOW has the upperhand, matching or outperforming CMOW on all supervised downstream tasks except [CONTINUE] TREC by up to 4 points. On the TREC task, on the other hand, CMOW outperforms CBOW by 2.5 points. Our jointly trained model is not more than 0.8 points below the better one of CBOW and CMOW on any of the considered supervised downstream tasks. On 7 out of 11 supervised tasks, the joint model even improves upon the better model, and on SST2, SST5, and MRPC the difference is more than 1 point. The average relative improvement over all tasks is 1.2%. [CONTINUE] Our CMOW model produces sentence embeddings that are approximately at the level of fast [CONTINUE] Sent (Hill et al., 2016). Thus, CMOW is a reasonable choice as a sentence encoder. [CONTINUE] observe that CMOW embeddings better encode the linguistic propCMOW gets reasonably close to CBOW on some downstream tasks. [CONTINUE] However, CMOW does not in general supersede CBOW embeddings.",0,0,0,0
scigen_dev_23,"Method STS12 STS13 STS14 STS15 STS16
 0  CBOW  43.5 [BOLD] 50.0 [BOLD] 57.7 [BOLD] 63.2  61.0
 1  CMOW  39.2  31.9  38.7  49.7  52.2
 2  Hybrid [BOLD] 49.6  46.0  55.1  62.4 [BOLD] 62.1
 3 cmp. CBOW  +14.6% -8% -4.5% -1.5% +1.8%
 4 cmp. CMOW  +26.5%  +44.2% +42.4  +25.6%  +19.0%","The sub-tables show the relative improvement of our model with respect to hybrid on each of the datasets. Compared to CBOW, their performance is improved by 14.6%, -4.5%, and 1.8% on STS14, STS15, and STS16, respectively. Their results are also superior to hybrid, i.e., up to +26.5%, +44.2%, +25.6%, and +19.0% on the three datasets, respectively.","Regarding the unsupervised downstream tasks (Table 3), CBOW is clearly superior to CMOW on all datasets by wide margins. For example, on STS13, CBOW's score is 50% higher. The hybrid model is able to repair this deficit, reducing the difference to 8%. It even outperforms CBOW on two of the tasks, and yields a slight improvement of 0.5% on average over all unsupervised downstream tasks. However, the variance in relative performance is notably larger than on the supervised downstream tasks.",0,1,0,0
scigen_dev_24,"Initialization  SUBJ  CR  MR  MPQA  MRPC  TREC  SICK-E  SST2  SST5 STS-B  SICK-R
 0  N(0,0.1)  85.6  71.5  68.4  86.2 [BOLD] 71.6  86.4  73.7  72.3 [BOLD] 38.2  53.7  72.7
 1  Glorot  86.2 [BOLD] 74.4  69.5  86.5  71.4 [BOLD] 88.4  75.4  73.2 [BOLD] 38.2  54.1  73.6
 2 Our paper [BOLD] 87.5  73.4 [BOLD] 70.6 [BOLD] 87.3  69.6  88.0 [BOLD] 77.2 [BOLD] 74.7  37.9 [BOLD] 56.5 [BOLD] 76.2","The first two rows of the table show the results for the baseline and our implementation. We can see that glorot is better than n(0,0.1) on all tasks, which is consistent with the results on the validation set.","the success of our training schema for the CMOW model are two changes to the original word2vec training. First, our initialization strategy improved the downstream performance by 2.8% compared to Glorot initialization.",0,0,0,0
scigen_dev_25,"Method STS12 STS13 STS14 STS15 STS16
 0 CMOW-C  27.6  14.6  22.1  33.2  41.6
 1 CMOW-R [BOLD] 39.2 [BOLD] 31.9 [BOLD] 38.7 [BOLD] 49.7 [BOLD] 52.2
 2 CBOW-C [BOLD] 43.5  49.2 [BOLD] 57.9 [BOLD] 63.7 [BOLD] 61.6
 3 CBOW-R [BOLD] 43.5 [BOLD] 50.0  57.7  63.2  61.0","The results show that our CBOW-R method consistently outperforms the COW-C method across all the datasets. We observe that the performance of CBOW-R is comparable to that of the COW-C method across all the datasets.","alization strategy improved the downstream performance by 2.8% compared Secondly, by choosing the target word of the objective at random, the perfor [CONTINUE] mance of CMOW on downstream tasks improved by 20.8% on average. [CONTINUE] and on all unsupervised downstream tasks",0,0,1,0
scigen_dev_26,"Method Depth  BShift SubjNum Tense  CoordInv  Length  ObjNum  TopConst  SOMO  WC
 0 CMOW-C [BOLD] 36.2  66.0  81.1  78.7  61.7 [BOLD] 83.9  79.1  73.6  50.4  66.8
 1 CMOW-R  35.1 [BOLD] 70.8 [BOLD] 82.0 [BOLD] 80.2 [BOLD] 61.8  82.8 [BOLD] 79.7 [BOLD] 74.2 [BOLD] 50.7 [BOLD] 72.9
 2 CBOW-C [BOLD] 34.3 [BOLD] 50.5 [BOLD] 79.8 [BOLD] 79.9  53.0 [BOLD] 75.9 [BOLD] 79.8 [BOLD] 72.9  48.6  89.0
 3 CBOW-R  33.0  49.6  79.3  78.4 [BOLD] 53.6  74.5  78.6  72.0 [BOLD] 49.6 [BOLD] 89.5","The results show that our proposed CBOW-R method consistently outperforms CMOW-C on all the linguistic probing tasks. Especially, we notice that the performance of CMOW-R is worse than that of CMOW-C on the word similarity task. We conjecture that this is due to the fact that in such tasks, words that appear more frequently in contexts are more difficult to learn.","To test the effectiveness of this modified objective, we evaluate it with the same experimental setup as described in Section 4. Table 4 lists the results on the linguistic probing tasks. CMOW-C and CBOW-C refer to the models where the center word is used as the target. CMOW-R and CBOW-R refer to the models where the target word is sampled randomly. While CMOW-R and CMOW-C perform comparably on most probing tasks, CMOW-C yields 5 points lower scores on WordContent [CONTINUE] and BigramShift.",0,0,0,0
scigen_dev_27,"Method  SUBJ  CR  MR  MPQA  MRPC  TREC  SICK-E  SST2  SST5 STS-B  SICK-R
 0 CMOW-C  85.9  72.1  69.4  87.0 [BOLD] 71.9  85.4  74.2  73.8  37.6  54.6  71.3
 1 CMOW-R [BOLD] 87.5 [BOLD] 73.4 [BOLD] 70.6 [BOLD] 87.3  69.6 [BOLD] 88.0 [BOLD] 77.2 [BOLD] 74.7 [BOLD] 37.9 [BOLD] 56.5 [BOLD] 76.2
 2 CBOW-C [BOLD] 90.0 [BOLD] 79.3 [BOLD] 74.6 [BOLD] 87.5 [BOLD] 72.9  85.0 [BOLD] 80.0  78.4  41.0  60.5 [BOLD] 79.2
 3 CBOW-R [BOLD] 90.0  79.2  74.0  87.1  71.6 [BOLD] 85.6  78.9 [BOLD] 78.5 [BOLD] 42.1 [BOLD] 61.0  78.1","The results show that our method consistently outperforms the baseline on all the downstream tasks. The improvement is largest on the CR dataset, where our method improves over COW-R by 2.6% on average. However, the performance of CBOW-R also improves on all the downstream tasks except SICK-E. We speculate that this is because SICK-E is a relatively small dataset, in which the word vector dimensions are relatively small to be able to get good performance.","Consequently, CMOW-R also outperforms CMOW-C on 10 out of 11 supervised [CONTINUE] downstream tasks [CONTINUE] On average over all downstream tasks, the relative improvement is 20.8%. [CONTINUE] scores on downstream tasks increase on some tasks and decrease on others. The differences ar miniscule. On average over all 16 downstream tasks, CBOW-R scores 0.1% lower than CBOW-C. [CONTINUE] For CBOW, the",0,0,1,0
scigen_dev_28,"System  All LOC  All ORG  All PER All MISC In [ITALIC] E+ LOC In [ITALIC] E+ ORG In [ITALIC] E+ PER In [ITALIC] E+ MISC
 0 Name matching  96.26  89.48  57.38  96.60  92.32  76.87  47.40 76.29
 1 MIL  57.09 [BOLD] 76.30  41.35  93.35  11.90 [BOLD] 47.90  27.60 53.61
 2  MIL-ND  57.15  77.15  35.95  92.47  12.02  49.77  20.94 47.42
 3  [ITALIC] τMIL-ND [BOLD] 55.15  76.56 [BOLD] 34.03 [BOLD] 92.15 [BOLD] 11.14  51.18 [BOLD] 20.59  [BOLD] 40.00
 4 Supervised learning  55.58  61.32  24.98  89.96 8.80  14.95 7.40 29.90","We can see that τMIL-ND does better than MIL for all three categories, which is consistent with our observation in the cross-validation.","In Table 3 we classified errors according to named entity types [CONTINUE] PER is the easiest type for all systems. Even name matching, without any learning, can correctly predict in half of the cases. [CONTINUE] For LOC, it turns out that candidate selection is a bottleneck: when candidate selection was flawless, the models made only about 12% errors, down from about 57%. For MISC a similar conclusion can be drawn.",1,0,0,0
scigen_dev_29,"System  All P  All R All F1 In [ITALIC] E+ P In [ITALIC] E+ R In [ITALIC] E+ F1
 0  Name matching  15.03  15.03  15.03  29.13  29.13  29.13
 1  MIL (model 1)  35.87  35.87  35.87 ±0.72  69.38  69.38  69.38 ±1.29
 2 MIL-ND (model 2)  37.42 [BOLD] 37.42  37.42 ±0.35  72.50 [BOLD] 72.50 [BOLD] 72.50 ±0.68
 3 [ITALIC] τMIL-ND (model 2) [BOLD] 38.91  36.73 [BOLD] 37.78 ±0.26 [BOLD] 73.19  71.15  72.16 ±0.48
 4  Supervised learning  42.90  42.90  42.90 ±0.59  83.12  83.12  83.12 ±1.15","We show that our approach τMIL-ND outperforms MIL and supervised learning under two settings. τMIL-ND achieves 38.91% in terms of F1, compared to 35.87% and 37.42% for MIL and MIL, respectively. We also observe significant improvements for both EL and E+ (p<0.01) compared to the supervised learning setting.","Table 2 shows results on the test set. 'Name matching' is far behind the two models. [CONTINUE] MIL-ND achieves higher precision, recall, and F1 than MIL, [CONTINUE] Using its confidence at test time (τ MIL-ND, 'All' setting) was also beneficial in terms of precision and F1 (it cannot possibly increase recall). Because all the test data points are valid for the 'In E+' setting, using the ND classifier had a slight negative effect on F1. [CONTINUE] MIL-ND significantly outperforms MIL: the 95% confidence intervals for them do not overlap. However, this is not the case for MIL-ND and τ MIL-ND.",1,1,0,0
scigen_dev_30,"<bold>Model</bold> REF ⇒ GEN <bold>ENT</bold> REF ⇒ GEN <bold>CON</bold> REF ⇒ GEN <bold>NEU</bold>
 0  S2S 38.45 11.17 50.38
 1  G2S-GIN 49.78  9.80 40.42
 2  G2S-GAT 49.48  8.09 42.43
 3 G2S-GGNN 51.32  8.82 39.86
 4  [EMPTY] GEN ⇒ REF GEN ⇒ REF GEN ⇒ REF
 5 <bold>Model</bold>  <bold>ENT</bold>  <bold>CON</bold>  <bold>NEU</bold>
 6  S2S 73.79 12.75 13.46
 7  G2S-GIN 76.27 10.65 13.08
 8  G2S-GAT 77.54  8.54 13.92
 9 G2S-GGNN 77.64  9.64 12.72","The results show that our models perform better than the baselines significantly. Moreover, the proposed G2S-GAT model significantly outperforms S2S and G2S-GIN showing the effectiveness of our graph neural networks for natural language inference.","We perform an entailment experiment using BERT (Devlin et al., 2019) fine-tuned on the MultiNLI dataset (Williams et al., 2018) as a NLI model. We are interested in exploring whether a generated sentence (hypothesis) is semantically entailed by the reference sentence (premise). In a related text generation task, Falke et al. (2019) employ NLI models to rerank alternative predicted abstractive summaries. [CONTINUE] Table 6 shows the average probabilities for entailment, contradiction and neutral classes on the LDC2017T10 test set. All G2S models have [CONTINUE] higher entailment compared to S2S. G2S-GGNN has 33.5% and 5.2% better entailment performances than S2S, when REF entails GEN and GEN entails REF, respectively. G2S models also generate sentences that contradict the reference sentences less. This suggests that our models are capable of capturing better semantic information from the graph generating outputs semantically related to the reference sentences.",0,0,0,0
scigen_dev_31,"<bold>Model</bold> <bold>BLEU</bold> <bold>METEOR</bold>
 0 LDC2015E86  LDC2015E86  LDC2015E86
 1  Konstas et al. (2017) 22.00 -
 2 Song et al. (2018) 23.28 30.10
 3  Cao et al. (2019) 23.50 -
 4 Damonte et al.(2019) 24.40 23.60
 5  Guo et al. (2019)  <bold>25.70</bold> -
 6  S2S  22.55 ± 0.17  29.90 ± 0.31
 7  G2S-GIN  22.93 ± 0.20  29.72 ± 0.09
 8  G2S-GAT  23.42 ± 0.16  29.87 ± 0.14
 9 G2S-GGNN  24.32 ± 0.16 <bold>30.53</bold> ± 0.30
 10  LDC2017T10  LDC2017T10  LDC2017T10
 11  Back et al. (2018) 23.30 -
 12  Song et al. (2018) 24.86 31.56
 13  Damonte et al.(2019) 24.54 24.07
 14 Cao et al. (2019) 26.80 -
 15 Guo et al. (2019) 27.60 -
 16 S2S  22.73 ± 0.18  30.15 ± 0.14
 17 G2S-GIN  26.90 ± 0.19  32.62 ± 0.04
 18 G2S-GAT  26.72 ± 0.20  32.52 ± 0.02
 19  G2S-GGNN <bold>27.87</bold> ± 0.15 <bold>33.21</bold> ± 0.15","In order to remove the influence with different tagger, we compare our G2S-GAT model Guo et al. As shown in the table, the G2S-GAT model achieves new state-of-the-art results on both datasets in terms of BLEU and METEOR. On LDC2015E86, the proposed G2S-GAT model significantly outperforms the S2S and G2S-GIN by about 1.4 and 1.1 BLEU points respectively. Likewise, on LDC2017T10, the proposed G2S-GGNN model achieves the best result among all the G2S-based models. In comparison, the S2S and G2S-GAT achieve each other in terms of one of the three metrics.","Table 2 shows the comparison between the proposed models, the baseline and other neural models on the test set of the two datasets. [CONTINUE] For both datasets, our approach substantially outperforms the baselines. In LDC2015E86, G2S-GGNN achieves a BLEU score of 24.32, 4.46% higher than Song et al. (2018), who also use the copy mechanism. This indicates that our architecture can learn to generate better signals for text generation. On the same dataset, we have competitive results to Damonte and Cohen (2019). However, we do not rely on preprocessing anonymisation not to lose semantic signals. In LDC2017T10, G2S-GGNN achieves a BLEU score of 27.87, which is 3.33 points higher than Damonte and Cohen (2019), a state-of-the-art model that does not employ external information. We also have competitive results to Guo et al. (2019), a very recent state-of-the-art model. [CONTINUE] We also outperform Cao and Clark (2019) improving BLEU scores by 3.48% and 4.00%, in LDC2015E86 and LDC2017T10, respectively. In contrast to their work, we do not rely on (i) leveraging supplementary syntactic information and (ii) we do not require an anonymization preprocessing step. G2S-GIN and G2S-GAT have comparable performance on both datasets. Interestingly, G2S-GGNN has better performance among our models. This suggests that graph encoders based on gating mechanisms are very effective in text generation models. We hypothesize that the gating mechanism can better capture longdistance dependencies between nodes far apart in the graph.",0,0,0,0
scigen_dev_32,"<bold>Model</bold> <bold>External</bold>  <bold>BLEU</bold>
 0 Konstas et al. (2017) 200K  27.40
 1  Song et al. (2018) 200K  28.20
 2 Guo et al. (2019) 200K  31.60
 3  G2S-GGNN 200K <bold>32.23</bold>","We found that the proposed G2S-GGNN model improves the model’s performance by +2.23 BLEU points when trained on additional Gigaword reviews.","We follow the method of Konstas et al. (2017), which is fine-tuning the model on the LDC2015E86 training set after every epoch of pretraining on the Gigaword data. G2S-GGNN outperforms others with the same amount of Gigaword sentences (200K), achieving a 32.23 BLEU score, as shown in Table 3. The results demonstrate that pretraining on automatically generated AMR graphs enhances the performance of our model.",0,0,0,0
scigen_dev_33,"<bold>Model</bold> <bold>BLEU</bold> <bold>METEOR</bold> <bold>Size</bold>
 0 biLSTM  22.50  30.42  57.6M
 1  <italic>GEt</italic> + biLSTM  26.33  32.62  59.6M
 2  <italic>GEb</italic> + biLSTM  26.12  32.49  59.6M
 3 <italic>GEt</italic> + <italic>GEb</italic> + biLSTM  27.37  33.30  61.7M","The first shows the results of our baseline BiLSTM model trained on the training set, which achieves 29.42 BLEU points and 57.6M parameters. Adding the same information obtained from the get model improves the performance significantly, to 27.37 BLEU and 61.7M parameters. Moreover, our model performs similarly to the BiLSTM model when the latter is provided with the pre-trained entity embeddings, which shows the effectiveness of our pre-training procedure.","In Table 4, we report the results of an ablation study on the impact of each component of our model on the development set of LDC2017T10 dataset by removing the graph encoders. We also report the number of parameters (including embeddings) used in each model. The first thing we notice is the huge increase in metric scores (17% in BLEU) when applying the graph encoder layer, as the neural model receives signals regarding the graph structure of the input. The dual representation helps the model with a different view of the graph, increasing BLEU and METEOR scores by 1.04 and 0.68 points, respectively. The complete model has slightly more parameters than the model without graph encoders (57.6M vs 61.7M).",1,1,0,0
scigen_dev_34,"<bold>Model</bold> <bold>Graph Diameter</bold> 0-7 Δ <bold>Graph Diameter</bold> 7-13 Δ <bold>Graph Diameter</bold> 14-20 Δ
 0  S2S 33.2  29.7 28.8
 1  G2S-GIN 35.2 +6.0%  31.8 +7.4% 31.5 +9.2%
 2  G2S-GAT 35.1 +5.9%  32.0 +7.8%  31.5 +9.51%
 3 G2S-GGNN 36.2 +9.0% 33.0 +11.4% 30.7 +6.7%
 4  [EMPTY] <bold>Sentence Length</bold>  <bold>Sentence Length</bold> <bold>Sentence Length</bold>
 5  [EMPTY] 0-20 Δ 20-50 Δ 50-240 Δ
 6  S2S 34.9  29.9 25.1
 7  G2S-GIN 36.7 +5.2%  32.2 +7.8% 26.5 +5.8%
 8  G2S-GAT 36.9 +5.7%  32.3 +7.9% 26.6 +6.1%
 9 G2S-GGNN 37.9 +8.5% 33.3 +11.2% 26.9 +6.8%
 10 [EMPTY] <bold>Max Node Out-degree</bold>  <bold>Max Node Out-degree</bold> <bold>Max Node Out-degree</bold>
 11 [EMPTY]  0-3 Δ 4-8 Δ 9-18 Δ
 12 S2S 31.7  30.0 23.9
 13 G2S-GIN 33.9 +6.9%  32.1 +6.9% 25.4 +6.2%
 14 G2S-GAT 34.3 +8.0%  32.0 +6.7% 22.5 -6.0%
 15  G2S-GGNN  35.0 +10.3% 33.1 +10.4% 22.2 -7.3%","First, we can see that the mLSTM architectures are overall better than the S2S, with the G2S-GAT and G2S-GGNN models performing substantially better than the S2S in all settings. Particularly, the diameter of the graphs is increased between 0 - 7 and between 14 - 20, which shows the effect of the mLSTM gating mechanism. Sentence length is also improved in the G2S models, but the improvement is marginal. Between the two graph encoders, the G2S-GIN and the G2S-GGNN achieve the best performance on the test set. Max out-degrees also improved in the G2S models, but the increase is relatively small (<1%) in the GGNN and the G2S-GGNN models.","Table 5 shows METEOR5 scores for the LDC2017T10 dataset. [CONTINUE] The performances of all models decrease as the diameters of the graphs increase. G2S-GGNN has a 17.9% higher METEOR score in graphs with a diameter of at most 7 compared to graphs with diameters higher than 13. This is expected as encoding a bigger graph (containing more information) is harder than encoding smaller graphs. [CONTINUE] Since the models have fewer examples of bigger graphs to learn from, this also leads to worse performance when handling graphs with higher diameters. We also investigate the performance with respect to the sentence length. The models have better results when handling sentences with 20 or fewer tokens. Longer sentences pose additional challenges to the models. [CONTINUE] G2S-GIN has a better performance in handling graphs with node out-degrees higher than 9. This indicates that GINs can be employed in tasks where the distribution of node degrees has a long tail. Surprisingly, S2S has a better performance than G2S-GGNN and G2S-GAT when handling graphs that contain high degree nodes.",0,0,0,0
scigen_dev_35,"<bold>Model</bold> <bold>ADDED</bold> <bold>MISS</bold>
 0 S2S 47.34  37.14
 1 G2S-GIN 48.67  33.64
 2 G2S-GAT 48.24  33.73
 3  G2S-GGNN 48.66  34.06
 4  GOLD 50.77  28.35
 5 [EMPTY] [EMPTY]  [EMPTY]","We analyzed the accuracy of each model by excluding elements from the output graph that are not present in the input (added) and the fraction of elements in the input graph that are missing in the generated sentence (miss), for the test set of LDC2017T10. We use the token lemmas as the reference sentences and gold-standard predicted sentences to construct the comparison. The results show that the models that use the pre-trained word2vec embeddings perform better than the S2S-based models. G2S-GAT is the best performing model, which confirms the effectiveness of the pre-trained word embeddings.","We also evaluate the semantic adequacy of our model (how well does the generated output match the input?) by comparing the number of added and missing tokens that occur in the generated versus reference sentences (GOLD). As shown in Table 8, G2S approaches outperform the S2S baseline. G2S-GIN is closest to GOLD with respect to both metrics suggesting that this model is better able to generate novel words to construct the sentence and captures a larger range of concepts from the input AMR graph, covering",0,0,0,0
scigen_dev_36,"[EMPTY] Ar Es Fr Ru Zh En
 0  POS 88.7 90.0 89.6 88.6 87.4 85.2
 1  SEM 85.3 86.1 85.8 85.2 85.0 80.7","These features were extracted from a 4th NMT encoding layer, trained on a smaller target language corpus of 200k sentences. We expect that the use of character n-grams, which represent well-known grammatical features, to help with this task are limited.","we trained systems using a smaller data size (200K sentences), [CONTINUE] The results are shown in Table 4. [CONTINUE] we observe a variance in classifier accuracy of 1-2%, based on target language, [CONTINUE] This is true for both POS and SEM tagging.",0,0,0,0
scigen_dev_37,"[EMPTY] MFT UnsupEmb Word2Tag
 0  POS 91.95 87.06 95.55
 1  SEM 82.00 81.11 91.41","In this section, we compare our semi-supervised tagging approach against Sakaguchi et al. We have trained two classifiers. The first one is purely trained on unsupervised word embeddings. The second one is an upper bound which is the majority class of the labels on the validation set. We denote it as Word2Tag. For POS tagging, we use the unsupervised classifier and the third classifier is the word2tag embedding model.","we consider two baselines: most frequent tag (MFT) for each word according to the training set (with the global majority tag for unseen words); and unsupervised word embeddings (UnsupEmb) as features for the classifier, [CONTINUE] We also report an upper bound of directly training an encoderdecoder on word-tag sequences (Word2Tag), [CONTINUE] Table 2 shows baseline and upper bound results. The UnsupEmb baseline performs rather poorly on both POS and SEM tagging. [CONTINUE] NMT word embeddings (Table 3, rows with k = 0) perform slightly better, [CONTINUE] the results are still below the most frequent tag baseline (MFT), [CONTINUE] This is above the UnsupEmb baseline but only on par with the MFT baseline (Table 2). [CONTINUE] The results are also far below the Word2Tag upper bound (Table 2). [CONTINUE] which is far above the UnsupEmb and MFT baselines. While these results are below the oracle Word2Tag results (Table 2),",0,0,0,0
scigen_dev_38,"[ITALIC] k Ar Es Fr Ru Zh En
 0  POS Tagging Accuracy POS Tagging Accuracy POS Tagging Accuracy POS Tagging Accuracy POS Tagging Accuracy POS Tagging Accuracy POS Tagging Accuracy
 1 0 88.0 87.9 87.9 87.8 87.7 87.4
 2 1 92.4 91.9 92.1 92.1 91.5 89.4
 3 2 91.9 91.8 91.8 91.8 91.3 88.3
 4 3 92.0 92.3 92.1 91.6 91.2 87.9
 5 4 92.1 92.4 92.5 92.0 90.5 86.9
 6  SEM Tagging Accuracy SEM Tagging Accuracy SEM Tagging Accuracy SEM Tagging Accuracy SEM Tagging Accuracy SEM Tagging Accuracy SEM Tagging Accuracy
 7 0 81.9 81.9 81.8 81.8 81.8 81.2
 8 1 87.9 87.7 87.8 87.9 87.7 84.5
 9 2 87.4 87.5 87.4 87.3 87.2 83.2
 10  3 87.8 87.9 87.9 87.3 87.3 82.9
 11  4 88.3 88.6 88.4 88.1 87.7 82.1
 12 BLEU BLEU BLEU BLEU BLEU BLEU BLEU
 13  [EMPTY] 32.7 49.1 38.5 34.2 32.1 96.6","We present results for the k-th encoding layer of 4-layered NMT models, trained with different target languages. We observe that the tagging results are consistent between different languages, tagging accuracy increases with k and the highest scores are obtained with k=4. However, there are still some languages on which the tagger trained with English autoencoder outperforms the German autoencoder. This observation is similar to the one made by \newcitesennrich-haddow-birch: syntactic dependency features are better with k=1 than with k=0. With just one autoencoder, the German autoencoder outperforms the English autoencoder in semantic tagging accuracy. However, with more layers, the German autoencoder performs better in both semantic tagging and POS tagging.","NMT word embeddings (Table 3, rows with k = 0) perform slightly better, [CONTINUE] Table 3 summarizes the results of training classifiers to predict POS and SEM tags using features extracted from different encoding layers of 4 [CONTINUE] layered NMT systems.3 In the POS tagging results (first block), as the representations move above layer 0, performance jumps to around 91–92%. [CONTINUE] This is above the UnsupEmb baseline but only on par with the MFT baseline (Table 2). [CONTINUE] The results are also far below the Word2Tag upper bound (Table 2). [CONTINUE] Comparing layers 1 through 4, we see that in 3/5 target languages (Ar, Ru, Zh), POS tagging accuracy peaks at layer 1 and does not improve at higher layers, with some drops at layers 2 and 3. In 2/5 cases (Es, Fr) the performance is higher at layer 4. [CONTINUE] Turning to SEM tagging (Table 3, second block), representations from layers 1 through 4 boost the performance to around 87-88%, [CONTINUE] which is far above the UnsupEmb and MFT baselines. While these results are below the oracle Word2Tag results (Table 2), [CONTINUE] Going beyond the 1st encoding layer, representations from the 2nd and 3rd layers do not consistently improve semantic tagging performance. However, representations from the 4th layer lead to significant improvement with all target languages except for Chinese. [CONTINUE] we found that En-En encoder-decoders (that is, English autoencoders) produce poor representations for POS and SEM tagging (last column in Table 3). This is especially true with higher layer representations (e.g. around 5% below the MT models using representations from layer 4). In contrast, the autoencoder has excellent sentence recreation capabilities (96.6 BLEU). [CONTINUE] Table 3 also shows results using features obtained by training NMT systems on different target languages (the English source remains fixed). In both POS and SEM tagging, there are very small differences with different target languages (∼0.5%), except for Chinese which leads to slightly worse representations. While the differences are small,",0,0,0,0
scigen_dev_39,"Uni POS 0 87.9 1 92.0 2 91.7 3 91.8 4 91.9
 0 Uni SEM  81.8  87.8  87.4  87.6  88.2
 1  Bi POS  87.9  93.3  92.9  93.2  92.8
 2  Bi SEM  81.9  91.3  90.8  91.9  91.9
 3 Res POS  87.9  92.5  91.9  92.0  92.4
 4 Res SEM  81.9  88.2  87.5  87.6  88.5","While we can confirm that bidirectional features from stacked NMT encoders work better than uni- and bi-directional features for tagging, we confirm that they are inferior to features from stacked uni- and bi-directional encoders for semantic tagging.","improvements in both translation (+1-2 BLEU) and SEM tagging quality (+3-4% accuracy), across the board, when using a bidirectional encoder. Some of our bidirectional models obtain 92-93% accuracy. We observed similar improvements on POS tagging. Comparing POS and SEM tagging (Table 5), we note that higher layer representations improve SEM tagging, while POS tagging peaks at layer 1. we noticed small but consistent improvements in both translation (+0.9 BLEU) and POS and SEM tagging (up to +0.6% accuracy) when using features extracted from an NMT model trained with residual connections (Table 5). We also observe similar trends as before: POS tagging does not benefit from features from the upper layers, while SEM tagging improves with layer 4 representations.",0,0,0,0
scigen_dev_40,"Data  Task Protected Attribute  Δ
 0  Dial Sentiment Race 12.2
 1 [EMPTY] Mention Race 14.3
 2 PAN16 Mention Gender  8.1
 3 [EMPTY] Mention  Age  9.7","The attacker’s performance is 10% worse than our baseline accuracy on datasets of the same size. This indicates that attacks carried out by the attacker are able to inflict larger accuracy drops than those by our baseline.","Table 8 summarize the training accuracies of the attacker network. The Mention/Race task achieves the highest score of 64.3% whereas the Mention/Gender task achieves the lowest 58.1%.",1,1,1,1
scigen_dev_41,"Data  Task Accuracy
 0  Dial Sentiment  67.4
 1 [EMPTY] Mention  81.2
 2 [EMPTY] [ITALIC] Race  83.9
 3 PAN16 Mention  77.5
 4 [EMPTY] [ITALIC] Gender  67.7
 5 [EMPTY]  [ITALIC] Age  64.8","Note that our approach is not directly comparable to standard pipelined methods, as we do not train on the target data and inference on the source data. However, the results we obtained are comparable to state-of-the-art methods when trained on the source data. As our model is trained towards a single task, the results may not be directly comparable to standard pipelined methods.","The results in Table 1 indicate that the classifiers achieve reasonable accuracies for the main tasks. [CONTINUE] the protected attributes, race is highly predictable (83.9%) while age and gender can also be recovered at above 64% accuracy.",0,0,0,0
scigen_dev_42,"Data  Task Protected Attribute Balanced Task Acc Balanced Leakage Unbalanced Task Acc Unbalanced Leakage
 0  Dial Sentiment Race 67.4  64.5 79.5  73.5
 1 [EMPTY] Mention Race 81.2  71.5 86.0  73.8
 2 PAN16 Mention Gender 77.5  60.1 76.8  64.0
 3 [EMPTY] [EMPTY]  Age 74.7  59.4 77.5  59.7","The task is a linear combination of a classification problem and a multi-class classification problem. We ideally want the model to transfer well across tasks. For this, we use the balanced training data and the unbalanced training data. However, we also want the model to have access to the information before tuning the classifier. This is not easy when we work with multi-class classification tasks: in most cases none of the annotators have class labels. We use an unsupervised method to split the data and add an extra random seed for each task. We use the validation split to tune the parameters for both the multi-task classification and the multi-class classification. The hyperparameters are tuned on the validation set. Overall, the results are better than the Pan16 dataset – the balanced dataset has less balanced data and the unbalanced dataset has more biased data. But the problem still remains: how to we ensure that the data has never been seen during training is an interesting and challenging question.","This experiment suggests an upper bound on the amount of leakage of protected attributes when we do not actively attempt to prevent it. The Balanced section in Table 2 summarizes the validation-set accuracies. While the numbers are lower than when training directly (Table 1), they are still high enough to extract meaningful and possibly highly sensitive information (e.g. DIAL Race direct prediction is 83.9% while DIAL Race leakage on the balanced Sentiment task is 64.5%). [CONTINUE] We simulate this more realistic scenario by constructing unbalanced datasets in which the main tasks (sentiment/mention) remain balanced but the protected class proportions within each main class are not, as demonstrated in Figure 1b. [CONTINUE] We then follow the leakage experiment on the unbalanced datasets. The attacker is trained and tested on a balanced dataset. Otherwise, the attacker can perform quite well on the male/female task simply by learning to predict sentiment, which does not reflect leakage of gender data to the representation. When training the attacker on balanced data, its decisions cannot rely on the sentiment information encoded in the vectors, and must look for encoded information about the protected attributes. The results in Table 2 indicate that both task accuracy and attribute leakage are stronger in the unbalanced case.",0,0,0,0
scigen_dev_43,"Data  Task Protected Attribute Task Acc Leakage Δ
 0  Dial Sentiment Race  64.7 56.0 5.0
 1 [EMPTY] Mention Race  81.5 63.1 9.2
 2 PAN16 Mention Gender  75.6 58.5 8.0
 3 [EMPTY] Mention  Age  72.5 57.3 6.9","Adversarial training. As expected, we can see that the accuracy of attacks increases with the distance of the adversarial attack vector to the compromised sequence. We can also see that the classification accuracy of the datasets is not affected by the vector’s size, showing again that our architecture is robust against the adversary’s vector size.","However, training the attacker network on the resulting encoder vectors reveals a different story. For example, when considering the encoder after 50 training epochs (adversary accuracy of 49.0%), the attacker reaches 56.0% accuracy: substantially higher than the adversarial's success rate, despite sharing the exact same architecture, and being trained and tested on the exact same dataset. Table 3 summarizes the attacker's recovery rate on the adversarialy-trained encoders for the different settings. In all cases, the adversarial's success rate is around 50%, while the attacker's rate is substantially higher.",0,0,0,0
scigen_dev_44,"[EMPTY] Embedding Leaky Embedding Guarded
 0 Leaky 64.5 67.8
 1 Guarded 59.3 54.8","The results confirm our hypothesis that the identity of the embedding targets is not solely determined by the encoder, but is instead determined by the similarity between the query and the embedding targets. It also shows that the embedding-based method is more robust against unscrupulous encoders, while the guarded method is more robust against unscrupulous encoders.","We compare encoders Leaky-EMB and Leaky-RNN to gauge which module has a greater contribution to the data leakage. [CONTINUE] Table 6 summarize the results, implying that the leakage is caused mainly by the RNN, and less by the Embedding Matrix.",0,0,0,0
scigen_dev_45,"Model #Params PTB Base PTB +Finetune PTB +Dynamic WT2 Base WT2 +Finetune WT2 +Dynamic
 0 Yang et al. ( 2018 )  22M  55.97  54.44  47.69  63.33  61.45  40.68
 1 LSTM  22M  63.78  62.12 [BOLD] 53.11 [BOLD] 69.78 [BOLD] 68.68 [BOLD] 44.60
 2  GRU  17M  69.09  67.61  60.21  73.37  73.05  49.77
 3  ATR 9M  66.24  65.86  58.29  75.36  73.35  48.65
 4  SRU  13M  69.64  65.29  60.97  85.15  84.97  57.97
 5  LRN  11M [BOLD] 61.26 [BOLD] 61.00  54.45  69.91  68.86  46.97","Results: We observe that: (1) Our proposed LRN consistently outperforms all other methods on both PTB and WT2. This shows that the explicitly position-aware model can capture the syntactic dependencies better than the implicit position-aware model. (2) Compared to the other two methods, (3) GRU and (4) ATR, our proposed approach achieves better performance on PTB task with similar parameter numbers. This is because the GRU and ATR have the additional responsibility for introducing syntactic dependencies. (5) Compared to the other two methods, (6) SRU achieves better performance, which indicates the importance of dynamic programming.","Table 5 shows the test perplexity of different models.10 In this task, LRN significantly outperforms GRU, ATR and SRU, and achieves near the same perplexity as LSTM.",1,1,0,0
scigen_dev_46,"Model #Params Base ACC  Base Time  +LN ACC +LN Time  +BERT ACC +BERT Time +LN+BERT ACC +LN+BERT Time
 0 Rocktäschel et al. ( 2016 ) 250K  83.50  -  -  -  -  -  -  -
 1  LSTM  8.36M  84.27  0.262  86.03  0.432  89.95  0.544 [BOLD] 90.49  0.696
 2 GRU  6.41M [BOLD] 85.71  0.245 [BOLD] 86.05  0.419 [BOLD] 90.29  0.529  90.10  0.695
 3 ATR  2.87M  84.88  0.210  85.81  0.307  90.00  0.494  90.28  0.580
 4 SRU  5.48M  84.28  0.258  85.32  0.283  89.98  0.543  90.09  0.555
 5 LRN  4.25M  84.88 [BOLD] 0.209  85.06 [BOLD] 0.223  89.98 [BOLD] 0.488  89.93 [BOLD] 0.506","\citeauthorrocktäschel-2016 \shortciterocktäschel-2016 argue that the kernel smoothing method (Base) and layer normalization (LN) are complementary to each other. It appears that LSTM and GRU are very well balanced between the two hyperparameters. Our finding shows that our proposed logistic regression model (LRN) achieves slightly better accuracy than all other baselines while running significantly faster than all other neural models. Compared to \citeauthorbert-etal-2019-pooled \shortcitebert-etal-2019-pooled, our model is very efficient and fast. We also find that BERT (\citeauthorbert-etal-2019-pooled) increases the accuracy by a large margin (+1.3%) with only a small amount of additional parameters.","Table 1 shows the test accuracy and training time of different models. Our implementation outperforms the original model where Rockt¨aschel et al. (2016) report an accuracy of 83.50. Overall results show that LRN achieves competitive performance but consumes the least training time. Although LSTM and GRU outperform LRN by 0.3∼0.9 in terms of accuracy, these recurrent units sacrifice running efficiency (about 7%∼48%) depending on whether LN and BERT are applied. No significant performance difference is observed between SRU and LRN, but LRN has fewer model parameters and shows a speedup over SRU of 8%∼21%. [CONTINUE] However, for LSTM, GRU and ATR, LN results in significant computational overhead (about 27%∼71%). In contrast, quasi recurrent models like SRU and LRN only suffer a marginal speed decrease. [CONTINUE] Results with BERT show that contextual information is valuable for performance improvement. LRN obtains additional 4 percentage points gain with BERT and reaches an accuracy of around 89.9. [CONTINUE] In addition, although the introduction of BERT brings in heavy matrix computation, the benefits from LRN do not disappear. LRN is still the fastest model, outperforming other recurrent units by 8%∼27%.",0,0,0,0
scigen_dev_47,"Model #Params AmaPolar ERR AmaPolar Time  Yahoo ERR Yahoo Time  AmaFull ERR AmaFull Time YelpPolar ERR YelpPolar Time
 0 Zhang et al. ( 2015 )  -  6.10  -  29.16  -  40.57  - 5.26 -
 1  LSTM 227K [BOLD] 4.37  0.947 [BOLD] 24.62  1.332  37.22  1.003 3.58 1.362
 2 GRU 176K  4.39  0.948  24.68  1.242 [BOLD] 37.20  0.982  [BOLD] 3.47 1.230
 3 ATR  74K  4.78  0.867  25.33  1.117  38.54  0.836 4.00 1.124
 4 SRU 194K  4.95  0.919  24.78  1.394  38.23  0.907 3.99 1.310
 5 LRN 151K  4.98 [BOLD] 0.731  25.07 [BOLD] 1.038  38.42 [BOLD] 0.788 3.98  [BOLD] 1.022","Generally, our method achieves best performance on all the datasets. Particularly, all models perform better than LSTM even though GRU and ATR have more parameters than GRU and SRU. We observe that even LSTM has ∼1.2x speedup over the best baseline on amapolar task.","Table 2 summarizes the classification results. LRN achieves comparable classification performance against ATR and SRU, but slightly [CONTINUE] underperforms LSTM and GRU (-0.45∼-1.22). [CONTINUE] LRN accelerates the training over LSTM and SRU by about 20%,",1,0,0,0
scigen_dev_48,"Model #Params BLEU Train Decode
 0 GNMT  -  24.61 -  -
 1  GRU 206M  26.28  2.67  45.35
 2  ATR 122M  25.70  1.33 [BOLD] 34.40
 3  SRU 170M  25.91  1.34  42.84
 4  LRN 143M  26.26 [BOLD] 0.99  36.50
 5 oLRN 164M [BOLD] 26.73  1.15  40.19","The kernel size of all the RNNs is 3, with padding such that the input and output are quantized to [0,1]. We also include the time it takes to decode the sentences. ATR is the slowest model, but has the best performance. SRU and LRN use much less memory and are faster than GRU and GNMT, but take much more time to run. LRN is slower than ATR, but still performs better.","The results in Table 3 show that translation quality of LRN is slightly worse than that of GRU (-0.02 BLEU). [CONTINUE] however, oLRN yields the best BLEU score of 26.73, outperforming GRU (+0.45 BLEU). In addition, the training time results in Table 3 confirm the computational advantage of LRN over all other recurrent units, where LRN speeds up over ATR and SRU by approximately 25%. [CONTINUE] the recurrent unit with the least computation operations, i.e. ATR, becomes the fastest. Still, both LRN and oLRN translate sentences faster than SRU (+15%/+6%).",0,0,0,0
scigen_dev_49,"Model #Params  Base  +Elmo
 0 rnet*  - 71.1/79.5  -/-
 1  LSTM  2.67M  [BOLD] 70.46/78.98  75.17/82.79
 2 GRU  2.31M 70.41/ [BOLD] 79.15  75.81/83.12
 3 ATR  1.59M 69.73/78.70  75.06/82.76
 4 SRU  2.44M 69.27/78.41  74.56/82.50
 5 LRN  2.14M 70.11/78.83 [BOLD] 76.14/ [BOLD] 83.83","It is obvious that all the neural models outperform the RNN-based model RNN-On the SQuAD dataset. Compared to the traditional attention-based models, the GRU, ATR and SRU, all have similar performance on the dataset. But the GRU and the SRU have more parameters than the LSTM and GRU. It is because that the GRU and the SRU have two linear layers on top of the LSTM layer, which also increases the number of parameters. Without the LSTM layer and with the GRU, the performance of these two models is similar. All the neural models have better performance than the RNN-based model RNN-On the SQuAD dataset. We attribute this to the fact that the questions are short and the contextual information provides more information for making predictions. Furthermore, the external monolingual data is much more effective than the English monolingual data. Compared to the other methods, our proposed RNN-based model achieves great improvement on the SQUAD dataset. Its results are better than the RNN-based model RNN-On the SQuAD dataset by at least 1.14% in terms of exact match and 0.94% in terms of F1-score. It indicates that our proposed RNN-based model has better performance than other state-of-the-art neural network models.","Table 4 lists the EM/F1 score of different models. In this task, LRN outperforms ATR and SRU in terms of both EM and F1 score. After integrating Elmo for contextual modeling, the performance of LRN reaches the best (76.1 [CONTINUE] EM and 83.83 F1), beating both GRU and LSTM (+0.33EM, +0.71F1).",0,0,0,0
scigen_dev_50,"Model #Params  NER
 0 LSTM*  -  90.94
 1  LSTM 245K [BOLD] 89.61
 2 GRU 192K  89.35
 3 ATR  87K  88.46
 4 SRU 161K  88.89
 5 LRN 129K  88.56","Here we demonstrate the performance of the proposed model on the CoNLL-2003 English NER task. We also include the F1 score of the neural network model (denoted as LSTM*) which is the result of \newciteLampleEtAl:2016:EMNLP1. We can find that the more parameters we use, the better the performance.","As shown in Table 6, the performance of LRN matches that of ATR and SRU, though LSTM and GRU operate better (+1.05 and +0.79).",0,0,0,0